               epoch,      train/box_loss,      train/obj_loss,      train/cls_loss,   metrics/precision,      metrics/recall,     metrics/mAP_0.5,metrics/mAP_0.5:0.95,        val/box_loss,        val/obj_loss,        val/cls_loss,               x/lr0,               x/lr1,               x/lr2
                   0,             0.09899,             0.02839,            0.032933,           0.0073068,              0.7274,            0.072835,            0.017866,            0.078839,               0.023,            0.027593,            0.070517,           0.0032759,           0.0032759
                   1,            0.080986,            0.022857,            0.024928,             0.51014,             0.31616,             0.37579,             0.10829,            0.061751,            0.019474,            0.022798,            0.040495,           0.0065874,           0.0065874
                   2,            0.071437,            0.018557,            0.019569,             0.27538,             0.46741,             0.29823,             0.10473,            0.064347,            0.014931,            0.017681,            0.010452,           0.0098769,           0.0098769
                   3,            0.064626,             0.01468,            0.014518,              0.5943,             0.80971,             0.67826,             0.29941,            0.053433,            0.011743,            0.012744,            0.009901,            0.009901,            0.009901
                   4,            0.056125,            0.012287,            0.010472,             0.76631,             0.87484,             0.85274,             0.32252,             0.04946,           0.0099312,            0.011216,            0.009901,            0.009901,            0.009901
                   5,            0.050402,            0.010334,           0.0087886,             0.61428,             0.92845,             0.77245,             0.35077,            0.046801,           0.0094226,             0.01045,            0.009868,            0.009868,            0.009868
                   6,            0.046465,            0.010053,           0.0076667,             0.81782,             0.94361,             0.88061,             0.43694,            0.042982,           0.0091565,           0.0094742,            0.009835,            0.009835,            0.009835
                   7,             0.04269,           0.0094539,           0.0069227,             0.89739,              0.9432,             0.92647,             0.39847,            0.043776,           0.0084988,           0.0092919,            0.009802,            0.009802,            0.009802
                   8,            0.040911,           0.0089986,           0.0060156,             0.91162,             0.95293,             0.94651,             0.48734,            0.037413,           0.0082162,           0.0090229,            0.009769,            0.009769,            0.009769
                   9,            0.037173,           0.0086897,           0.0060228,             0.78862,             0.95622,             0.84202,             0.47861,            0.036038,           0.0080496,           0.0094851,            0.009736,            0.009736,            0.009736
                  10,            0.037573,           0.0079963,           0.0053485,             0.92646,              0.9566,             0.94327,             0.57356,            0.031933,            0.007466,           0.0091883,            0.009703,            0.009703,            0.009703
                  11,            0.036858,           0.0077441,           0.0051026,             0.94935,              0.9509,              0.9452,             0.64541,             0.02983,           0.0074345,           0.0093996,             0.00967,             0.00967,             0.00967
                  12,            0.034825,           0.0077817,           0.0051791,             0.94651,              0.9566,             0.94715,             0.62195,             0.03008,           0.0071974,           0.0090534,            0.009637,            0.009637,            0.009637
                  13,            0.034069,           0.0077067,           0.0047042,             0.95431,             0.95335,              0.9553,             0.62632,            0.033164,           0.0070368,           0.0091043,            0.009604,            0.009604,            0.009604
                  14,            0.033558,           0.0077527,            0.005003,             0.96281,              0.9603,             0.95323,             0.70263,            0.025152,            0.007185,           0.0095973,            0.009571,            0.009571,            0.009571
                  15,            0.033828,            0.007474,           0.0050109,               0.965,              0.9603,             0.94722,              0.6695,            0.026484,           0.0069818,           0.0092245,            0.009538,            0.009538,            0.009538
                  16,            0.031748,           0.0069197,           0.0044471,             0.96233,             0.96013,             0.94607,             0.69704,            0.028272,           0.0065358,           0.0092118,            0.009505,            0.009505,            0.009505
                  17,            0.030688,           0.0069753,           0.0044092,             0.95957,             0.95746,             0.94901,             0.66411,            0.028084,           0.0066328,           0.0094235,            0.009472,            0.009472,            0.009472
                  18,            0.031275,           0.0067304,           0.0045192,             0.94232,             0.96015,             0.94116,             0.70645,            0.025444,           0.0062335,           0.0091569,            0.009439,            0.009439,            0.009439
                  19,             0.03086,           0.0064735,           0.0041443,             0.94465,             0.95568,             0.95491,             0.77737,            0.024542,           0.0064456,           0.0090887,            0.009406,            0.009406,            0.009406
                  20,            0.030315,           0.0066308,           0.0039033,               0.962,             0.95705,             0.95399,             0.77668,            0.023179,           0.0060488,           0.0091989,            0.009373,            0.009373,            0.009373
                  21,            0.030353,            0.006354,           0.0037794,             0.96467,             0.96019,             0.95325,             0.67911,            0.025706,           0.0062866,           0.0090273,             0.00934,             0.00934,             0.00934
                  22,            0.029791,            0.006508,           0.0040981,             0.96419,             0.95954,             0.94862,             0.71342,            0.025454,           0.0061576,           0.0091705,            0.009307,            0.009307,            0.009307
                  23,            0.029304,           0.0064037,           0.0039961,             0.96474,              0.9603,             0.94538,             0.73898,            0.023654,           0.0060031,           0.0093239,            0.009274,            0.009274,            0.009274
                  24,              0.0285,           0.0062757,           0.0038126,             0.96401,              0.9603,             0.95051,             0.69317,             0.02344,           0.0063992,           0.0090313,            0.009241,            0.009241,            0.009241
                  25,             0.02805,           0.0060589,            0.004074,             0.96536,              0.9603,             0.95631,             0.78102,            0.021021,           0.0058765,           0.0090382,            0.009208,            0.009208,            0.009208
                  26,            0.027827,           0.0062663,           0.0041602,             0.96462,              0.9603,              0.9555,             0.83292,             0.02059,           0.0054884,           0.0092999,            0.009175,            0.009175,            0.009175
                  27,            0.027099,           0.0058815,           0.0044298,             0.95985,             0.95664,             0.94981,             0.70036,            0.023273,           0.0057443,           0.0093657,            0.009142,            0.009142,            0.009142
                  28,            0.028171,           0.0058553,           0.0038868,             0.96128,             0.95791,             0.95415,             0.74991,            0.022002,           0.0059706,           0.0092113,            0.009109,            0.009109,            0.009109
                  29,            0.026827,           0.0058686,           0.0038992,             0.96456,              0.9603,             0.95117,             0.75885,            0.020848,           0.0058527,           0.0094955,            0.009076,            0.009076,            0.009076
                  30,            0.026212,           0.0058148,           0.0037951,             0.96501,             0.96007,             0.95172,             0.75318,             0.02229,           0.0054642,            0.009162,            0.009043,            0.009043,            0.009043
                  31,            0.026321,           0.0058472,           0.0038096,             0.96407,              0.9575,             0.94887,             0.79335,            0.020703,           0.0052832,           0.0090036,             0.00901,             0.00901,             0.00901
                  32,            0.026524,           0.0058785,           0.0034501,             0.96136,             0.95901,             0.95239,              0.7492,            0.022145,           0.0054711,           0.0090931,            0.008977,            0.008977,            0.008977
                  33,            0.025661,           0.0056675,            0.003455,             0.96459,             0.95718,             0.95264,             0.78491,            0.022217,           0.0052293,           0.0095234,            0.008944,            0.008944,            0.008944
                  34,            0.025612,           0.0054923,            0.003851,             0.96571,              0.9603,             0.95475,             0.81549,            0.021215,           0.0052449,           0.0089206,            0.008911,            0.008911,            0.008911
                  35,            0.025568,           0.0054109,            0.003862,              0.9646,              0.9603,             0.95334,             0.80596,            0.020067,           0.0054836,           0.0088027,            0.008878,            0.008878,            0.008878
                  36,            0.026089,           0.0056869,           0.0037569,             0.96516,              0.9603,             0.95106,             0.81746,            0.019716,           0.0051756,           0.0092371,            0.008845,            0.008845,            0.008845
                  37,            0.025359,           0.0056926,            0.003398,             0.96433,             0.95868,             0.95439,              0.8103,            0.019488,           0.0051734,           0.0092854,            0.008812,            0.008812,            0.008812
                  38,            0.025546,           0.0054222,           0.0037873,             0.96304,              0.9528,             0.95218,             0.74341,            0.020915,           0.0054029,           0.0095888,            0.008779,            0.008779,            0.008779
                  39,            0.025283,            0.005815,           0.0036193,             0.96533,              0.9579,             0.94801,             0.80756,             0.01929,           0.0050522,           0.0092797,            0.008746,            0.008746,            0.008746
                  40,            0.024455,           0.0054558,           0.0037572,             0.96492,             0.95955,             0.94632,             0.80828,            0.018052,           0.0054448,           0.0091771,            0.008713,            0.008713,            0.008713
                  41,            0.023892,             0.00538,           0.0034301,             0.96486,              0.9603,             0.95236,             0.83244,            0.017648,           0.0050926,           0.0092984,             0.00868,             0.00868,             0.00868
                  42,             0.02439,           0.0054611,           0.0035317,             0.96133,             0.95917,              0.9507,             0.81788,            0.019145,           0.0052195,           0.0097125,            0.008647,            0.008647,            0.008647
                  43,            0.024364,           0.0056939,           0.0033683,             0.94986,              0.9503,             0.94578,             0.82438,            0.018561,           0.0052757,            0.010188,            0.008614,            0.008614,            0.008614
                  44,            0.024614,           0.0053974,           0.0032102,             0.96339,              0.9603,             0.95221,             0.81872,            0.018031,           0.0049888,           0.0093987,            0.008581,            0.008581,            0.008581
                  45,            0.023241,           0.0053199,           0.0029707,             0.96332,             0.95943,               0.951,             0.81546,            0.018728,           0.0046802,            0.009471,            0.008548,            0.008548,            0.008548
                  46,            0.023914,           0.0051985,           0.0033324,             0.94597,             0.94877,              0.9435,             0.80946,            0.017402,           0.0049842,            0.010114,            0.008515,            0.008515,            0.008515
                  47,            0.023014,           0.0052643,           0.0034193,             0.96502,             0.94945,             0.94776,             0.82065,            0.017208,           0.0045966,             0.00951,            0.008482,            0.008482,            0.008482
                  48,            0.022581,           0.0051133,           0.0030976,             0.96269,              0.9603,             0.94785,             0.77344,            0.017022,           0.0047633,           0.0092608,            0.008449,            0.008449,            0.008449
                  49,            0.023375,           0.0052732,           0.0031672,             0.96494,             0.95971,             0.95368,             0.79979,            0.018249,             0.00469,           0.0091431,            0.008416,            0.008416,            0.008416
                  50,            0.022972,           0.0051916,           0.0035294,             0.96461,             0.94073,             0.94749,             0.80423,            0.016833,            0.004741,           0.0099508,            0.008383,            0.008383,            0.008383
                  51,            0.022135,            0.004958,            0.003322,             0.95988,             0.93129,             0.94246,             0.81583,            0.018015,           0.0047183,            0.010269,             0.00835,             0.00835,             0.00835
                  52,             0.02258,            0.005309,           0.0030932,             0.95481,             0.94424,             0.94763,             0.81879,            0.017015,           0.0048602,           0.0098224,            0.008317,            0.008317,            0.008317
                  53,            0.022189,            0.005055,           0.0033201,             0.95607,             0.94955,              0.9459,             0.83889,            0.016166,           0.0049669,           0.0094906,            0.008284,            0.008284,            0.008284
                  54,            0.022646,           0.0052168,           0.0029214,              0.9601,             0.95582,             0.95166,             0.83156,            0.017576,           0.0048315,           0.0091721,            0.008251,            0.008251,            0.008251
                  55,            0.022271,           0.0050227,            0.003063,             0.96434,              0.9601,             0.95291,             0.83316,            0.020423,           0.0047456,           0.0091127,            0.008218,            0.008218,            0.008218
                  56,            0.022348,           0.0049348,           0.0032261,             0.96397,             0.95448,              0.9488,             0.76673,             0.02074,           0.0050389,           0.0093466,            0.008185,            0.008185,            0.008185
                  57,            0.022049,           0.0050593,           0.0031899,              0.9653,             0.95895,             0.95267,             0.83631,            0.015507,           0.0045872,           0.0094487,            0.008152,            0.008152,            0.008152
                  58,            0.021641,           0.0050017,           0.0029351,             0.96481,             0.95649,             0.95246,             0.84901,            0.017725,           0.0048415,           0.0094992,            0.008119,            0.008119,            0.008119
                  59,            0.022583,           0.0048745,           0.0030609,             0.96522,             0.95933,             0.95439,             0.84314,            0.016194,           0.0047067,           0.0094007,            0.008086,            0.008086,            0.008086
                  60,            0.021243,            0.004792,           0.0032628,             0.96474,             0.96001,             0.95234,             0.82258,             0.01791,           0.0046617,           0.0092639,            0.008053,            0.008053,            0.008053
                  61,            0.021245,           0.0047848,           0.0033201,             0.96561,             0.95973,             0.94934,             0.84085,            0.015496,           0.0044052,           0.0095265,             0.00802,             0.00802,             0.00802
                  62,            0.021056,           0.0048914,           0.0031961,             0.96446,             0.95982,             0.95035,             0.82086,             0.01551,            0.004382,           0.0090681,            0.007987,            0.007987,            0.007987
                  63,            0.021599,           0.0048329,           0.0026102,             0.96356,              0.9594,             0.95016,             0.81574,            0.017003,           0.0044303,           0.0095067,            0.007954,            0.007954,            0.007954
                  64,            0.021647,           0.0049577,           0.0031165,             0.96559,              0.9595,             0.95107,             0.83269,            0.015531,           0.0046325,           0.0092516,            0.007921,            0.007921,            0.007921
                  65,            0.020434,           0.0048472,           0.0029773,             0.96546,             0.96009,             0.94401,             0.84155,            0.015743,           0.0043674,           0.0092956,            0.007888,            0.007888,            0.007888
                  66,            0.020827,            0.004639,           0.0031475,             0.96529,             0.95765,             0.94921,             0.82031,            0.017014,           0.0044142,           0.0094978,            0.007855,            0.007855,            0.007855
                  67,             0.02055,           0.0047739,           0.0028501,             0.96429,             0.95623,             0.94642,             0.83394,            0.016484,           0.0042666,           0.0096109,            0.007822,            0.007822,            0.007822
                  68,            0.021327,           0.0049806,            0.003028,             0.96512,             0.95114,             0.94399,              0.8347,            0.015727,           0.0043346,           0.0094662,            0.007789,            0.007789,            0.007789
                  69,            0.020153,           0.0046426,           0.0028391,              0.9617,             0.95513,             0.94787,              0.8488,            0.015928,           0.0042082,           0.0095144,            0.007756,            0.007756,            0.007756
                  70,             0.02107,           0.0046959,           0.0029013,             0.96317,             0.95138,             0.95431,             0.83242,            0.015682,           0.0042413,           0.0095167,            0.007723,            0.007723,            0.007723
                  71,            0.020258,            0.004847,           0.0026846,             0.96299,             0.95213,             0.95325,             0.84453,             0.01565,           0.0041563,           0.0095182,             0.00769,             0.00769,             0.00769
                  72,            0.019799,           0.0045889,           0.0028469,             0.96561,              0.9583,             0.95074,             0.84098,            0.014734,           0.0041873,           0.0094812,            0.007657,            0.007657,            0.007657
                  73,            0.019894,           0.0045437,           0.0028804,             0.96501,             0.95814,             0.95244,              0.8544,            0.015692,           0.0041566,           0.0095449,            0.007624,            0.007624,            0.007624
                  74,            0.019878,            0.004641,           0.0027212,             0.96507,              0.9595,              0.9493,              0.8335,            0.014941,           0.0042944,           0.0094861,            0.007591,            0.007591,            0.007591
                  75,             0.01967,           0.0044963,           0.0027956,             0.96532,             0.95673,             0.94943,              0.8527,            0.015999,           0.0039754,           0.0095766,            0.007558,            0.007558,            0.007558
                  76,             0.02049,           0.0046257,           0.0028849,             0.96316,             0.95937,             0.94981,              0.8366,            0.014855,           0.0043454,           0.0093621,            0.007525,            0.007525,            0.007525
                  77,            0.019815,            0.004662,           0.0026914,             0.96376,             0.95949,             0.94962,             0.86002,            0.014821,           0.0041455,           0.0093668,            0.007492,            0.007492,            0.007492
                  78,            0.019408,           0.0045633,           0.0026547,             0.96508,              0.9603,             0.94662,             0.83191,            0.014841,            0.004324,           0.0096691,            0.007459,            0.007459,            0.007459
                  79,            0.019552,           0.0043908,           0.0027647,             0.96572,              0.9603,             0.94847,             0.86037,            0.014911,           0.0041105,           0.0091379,            0.007426,            0.007426,            0.007426
                  80,            0.019261,           0.0043935,           0.0028875,             0.96548,              0.9603,             0.94923,             0.85633,            0.015318,           0.0038576,           0.0093751,            0.007393,            0.007393,            0.007393
                  81,            0.019308,           0.0045089,            0.002753,             0.96517,              0.9603,             0.95129,             0.86358,            0.015601,             0.00385,           0.0089795,             0.00736,             0.00736,             0.00736
                  82,            0.018781,           0.0043282,           0.0026579,             0.96514,              0.9603,              0.9526,             0.84364,            0.014686,           0.0041841,           0.0090776,            0.007327,            0.007327,            0.007327
                  83,            0.018941,           0.0045987,           0.0025258,             0.96415,              0.9603,             0.95178,             0.84718,            0.015164,           0.0039376,           0.0095038,            0.007294,            0.007294,            0.007294
                  84,            0.020074,            0.004412,           0.0027955,             0.95953,             0.95549,             0.95431,             0.85228,            0.014707,           0.0039821,           0.0096514,            0.007261,            0.007261,            0.007261
                  85,            0.019051,           0.0043647,           0.0026303,             0.96219,             0.95683,             0.95246,             0.87542,            0.014641,           0.0040191,           0.0097392,            0.007228,            0.007228,            0.007228
                  86,            0.019816,            0.004415,           0.0025416,             0.96104,             0.95721,             0.95036,             0.85782,            0.015899,           0.0041235,           0.0095222,            0.007195,            0.007195,            0.007195
                  87,            0.018509,           0.0043935,           0.0027197,             0.96346,             0.95676,             0.95221,             0.85868,            0.013948,           0.0041722,           0.0094003,            0.007162,            0.007162,            0.007162
                  88,            0.018775,           0.0044008,           0.0029307,             0.96348,             0.95664,             0.94828,             0.85498,            0.014172,           0.0044355,           0.0096884,            0.007129,            0.007129,            0.007129
                  89,            0.018425,           0.0044739,           0.0025872,             0.96511,              0.9561,             0.94875,             0.86084,             0.01399,           0.0040367,           0.0093305,            0.007096,            0.007096,            0.007096
                  90,            0.018885,           0.0044945,           0.0028528,             0.96177,             0.95812,             0.95136,             0.86469,            0.013616,           0.0040223,            0.009657,            0.007063,            0.007063,            0.007063
                  91,            0.018379,           0.0043214,           0.0027192,             0.96473,             0.95136,             0.95444,             0.86005,            0.014785,           0.0039115,           0.0096729,             0.00703,             0.00703,             0.00703
                  92,            0.017892,            0.004218,            0.002474,             0.96531,             0.95839,             0.95264,             0.85818,            0.014786,           0.0040024,           0.0096178,            0.006997,            0.006997,            0.006997
                  93,             0.01873,           0.0041763,           0.0028486,             0.96197,             0.95664,              0.9499,             0.85152,            0.014526,           0.0041052,           0.0098627,            0.006964,            0.006964,            0.006964
                  94,            0.018397,           0.0043496,           0.0025209,             0.96391,             0.95664,             0.94973,              0.8648,            0.013741,           0.0038977,           0.0096042,            0.006931,            0.006931,            0.006931
                  95,            0.018717,           0.0042725,           0.0025505,             0.96541,             0.95721,             0.95146,             0.86664,            0.013407,             0.00383,           0.0092537,            0.006898,            0.006898,            0.006898
                  96,            0.018191,           0.0044397,           0.0027022,             0.96437,             0.95617,             0.95131,             0.86622,            0.013285,           0.0039097,           0.0094424,            0.006865,            0.006865,            0.006865
                  97,            0.017448,           0.0043926,           0.0025377,             0.96482,             0.95571,             0.94866,             0.85605,            0.014105,           0.0039501,           0.0093127,            0.006832,            0.006832,            0.006832
                  98,            0.017522,           0.0042999,           0.0024463,             0.96331,             0.95573,             0.94657,             0.85967,             0.01314,            0.003763,           0.0093882,            0.006799,            0.006799,            0.006799
                  99,            0.017661,           0.0040955,           0.0025231,              0.9657,             0.95852,             0.95165,             0.86207,            0.014251,           0.0040056,           0.0094429,            0.006766,            0.006766,            0.006766
                 100,            0.018193,            0.004207,           0.0025355,             0.96505,             0.95664,             0.94979,             0.86604,            0.014163,           0.0041882,           0.0093844,            0.006733,            0.006733,            0.006733
                 101,            0.017509,           0.0042341,           0.0026738,             0.96322,             0.95578,             0.95386,             0.86639,            0.013699,           0.0039272,            0.009541,              0.0067,              0.0067,              0.0067
                 102,            0.017787,           0.0042753,           0.0024692,             0.96447,             0.95601,             0.94994,             0.85351,             0.01424,           0.0040019,           0.0097462,            0.006667,            0.006667,            0.006667
                 103,            0.017571,           0.0041639,           0.0025331,             0.96448,             0.95841,             0.94974,             0.84786,            0.014312,           0.0038652,           0.0093246,            0.006634,            0.006634,            0.006634
                 104,            0.017289,           0.0041619,           0.0027221,             0.96482,             0.95959,             0.95222,             0.85814,            0.013634,           0.0039422,           0.0093725,            0.006601,            0.006601,            0.006601
                 105,             0.01721,           0.0041347,           0.0024721,             0.96504,             0.95979,             0.95128,             0.87143,             0.01332,           0.0035442,           0.0094512,            0.006568,            0.006568,            0.006568
                 106,            0.017752,           0.0041602,           0.0025926,             0.96565,             0.95755,             0.95556,             0.87812,            0.013643,           0.0038011,           0.0098629,            0.006535,            0.006535,            0.006535
                 107,            0.016908,            0.004116,           0.0024451,             0.96526,             0.95892,              0.9563,             0.87085,            0.013179,           0.0039616,           0.0096217,            0.006502,            0.006502,            0.006502
                 108,            0.017514,           0.0040394,           0.0025293,              0.9647,             0.95992,             0.95705,             0.86508,            0.013667,           0.0039398,           0.0096521,            0.006469,            0.006469,            0.006469
                 109,            0.017469,           0.0042379,           0.0024796,             0.96508,             0.95971,             0.95257,             0.87066,            0.013828,           0.0038444,           0.0096538,            0.006436,            0.006436,            0.006436
                 110,            0.016679,           0.0039501,           0.0024894,             0.96525,             0.95911,             0.95308,             0.86963,            0.013156,           0.0038323,           0.0094938,            0.006403,            0.006403,            0.006403
                 111,            0.016718,            0.004004,           0.0026068,             0.96062,             0.95664,             0.95006,             0.86615,            0.012907,           0.0037618,           0.0098995,             0.00637,             0.00637,             0.00637
                 112,            0.016591,           0.0040239,           0.0023798,             0.95766,             0.95664,             0.94761,             0.87149,            0.012719,           0.0037214,            0.010063,            0.006337,            0.006337,            0.006337
                 113,            0.016742,           0.0042153,           0.0022891,             0.96423,             0.95144,             0.95146,             0.87817,            0.013559,           0.0038678,           0.0099958,            0.006304,            0.006304,            0.006304
                 114,            0.016891,           0.0040239,            0.002356,             0.96027,             0.95421,             0.95267,             0.87085,            0.012915,           0.0035988,            0.010189,            0.006271,            0.006271,            0.006271
                 115,            0.016453,           0.0039643,           0.0022946,             0.96584,             0.95868,             0.94892,             0.87153,            0.012693,           0.0035502,           0.0097173,            0.006238,            0.006238,            0.006238
                 116,            0.016179,           0.0038424,           0.0023947,             0.96545,             0.95936,             0.94985,             0.86967,            0.012619,            0.003505,           0.0096735,            0.006205,            0.006205,            0.006205
                 117,            0.016563,           0.0038719,           0.0024401,             0.96558,             0.95967,             0.95043,             0.87192,             0.01323,           0.0036312,           0.0094975,            0.006172,            0.006172,            0.006172
                 118,            0.016652,           0.0040187,           0.0022855,             0.96556,             0.95801,             0.95048,             0.86658,             0.01317,           0.0036047,           0.0095062,            0.006139,            0.006139,            0.006139
                 119,            0.016064,           0.0039945,           0.0025668,              0.9646,             0.95578,             0.95163,             0.87785,             0.01297,            0.003496,            0.009727,            0.006106,            0.006106,            0.006106
                 120,            0.017087,           0.0038424,           0.0022933,             0.96393,             0.95585,             0.95436,             0.87247,             0.01379,            0.003517,            0.009942,            0.006073,            0.006073,            0.006073
                 121,            0.016533,           0.0039985,            0.002386,             0.96591,              0.9583,             0.94934,             0.87369,            0.013021,           0.0036383,            0.009629,             0.00604,             0.00604,             0.00604
                 122,            0.015976,           0.0039016,           0.0023591,             0.96491,             0.95664,             0.95439,             0.87774,            0.013082,           0.0034967,           0.0097162,            0.006007,            0.006007,            0.006007
                 123,            0.016156,           0.0039559,            0.002413,             0.96502,             0.95794,             0.95669,              0.8808,            0.013294,           0.0035671,           0.0098338,            0.005974,            0.005974,            0.005974
                 124,            0.016676,           0.0040404,           0.0022497,             0.96506,             0.95949,             0.95653,             0.87615,            0.013129,           0.0036894,           0.0096179,            0.005941,            0.005941,            0.005941
                 125,            0.016453,           0.0037094,           0.0023281,             0.96493,             0.95885,             0.95274,              0.8747,            0.013462,            0.003744,           0.0097667,            0.005908,            0.005908,            0.005908
                 126,             0.01523,           0.0038417,           0.0023368,             0.96503,             0.95873,              0.9521,             0.87317,            0.012702,           0.0036019,           0.0095618,            0.005875,            0.005875,            0.005875
                 127,            0.016027,           0.0038715,           0.0024012,             0.96535,             0.95824,             0.95296,              0.8745,            0.012963,           0.0035359,           0.0095384,            0.005842,            0.005842,            0.005842
                 128,            0.016175,           0.0038361,           0.0025034,             0.96578,             0.96009,             0.95653,             0.87841,             0.01298,           0.0034451,           0.0096019,            0.005809,            0.005809,            0.005809
                 129,            0.015644,           0.0037733,            0.002492,             0.96535,             0.95964,             0.95342,             0.86838,            0.012749,           0.0033793,           0.0094914,            0.005776,            0.005776,            0.005776
                 130,             0.01582,           0.0037627,           0.0024831,             0.96117,              0.9589,             0.95662,             0.87902,            0.013045,           0.0036124,           0.0095105,            0.005743,            0.005743,            0.005743
                 131,            0.015672,           0.0037793,           0.0023223,             0.96132,             0.95927,             0.96064,             0.87966,            0.013107,            0.003602,           0.0097387,             0.00571,             0.00571,             0.00571
                 132,            0.015434,           0.0037769,           0.0023583,             0.96495,             0.95933,             0.96033,             0.88361,            0.012842,           0.0035618,            0.009732,            0.005677,            0.005677,            0.005677
                 133,            0.015973,           0.0038704,           0.0024297,             0.96502,             0.95591,             0.95519,             0.87502,            0.013435,           0.0035265,           0.0096038,            0.005644,            0.005644,            0.005644
                 134,            0.015406,           0.0037156,            0.002242,             0.96542,             0.95618,             0.95433,             0.87305,            0.012714,           0.0034044,           0.0098437,            0.005611,            0.005611,            0.005611
                 135,            0.016248,            0.003764,           0.0024884,             0.96429,             0.95664,             0.95259,              0.8689,            0.012747,           0.0036412,           0.0098614,            0.005578,            0.005578,            0.005578
                 136,            0.015814,           0.0037944,           0.0023488,             0.96513,             0.95599,             0.95673,              0.8745,            0.013056,           0.0034511,           0.0098132,            0.005545,            0.005545,            0.005545
                 137,            0.015763,            0.003803,           0.0023844,             0.96436,             0.95575,             0.95391,             0.88308,            0.012187,           0.0036802,           0.0099621,            0.005512,            0.005512,            0.005512
                 138,            0.015441,           0.0036087,           0.0022921,             0.96201,             0.95593,             0.95228,             0.87508,            0.012518,           0.0036828,           0.0097489,            0.005479,            0.005479,            0.005479
                 139,             0.01512,           0.0036386,           0.0025136,             0.96202,             0.95975,             0.95541,             0.87209,            0.012367,           0.0034554,           0.0096178,            0.005446,            0.005446,            0.005446
                 140,            0.016011,           0.0038765,           0.0021864,             0.96123,             0.95977,             0.95707,              0.8832,            0.012563,           0.0035476,           0.0097956,            0.005413,            0.005413,            0.005413
                 141,             0.01499,           0.0037066,           0.0021308,             0.96168,             0.95833,             0.95288,             0.87055,            0.012553,           0.0036194,           0.0096745,             0.00538,             0.00538,             0.00538
                 142,            0.014588,           0.0036344,            0.002184,             0.96281,             0.95213,             0.95582,             0.87689,            0.012563,             0.00342,           0.0095501,            0.005347,            0.005347,            0.005347
                 143,            0.015502,           0.0036138,           0.0021835,             0.96336,             0.95213,             0.95409,             0.88274,            0.012281,           0.0033577,           0.0098151,            0.005314,            0.005314,            0.005314
                 144,            0.015178,           0.0036636,           0.0022786,             0.96421,             0.95213,             0.95658,             0.87904,            0.012315,           0.0033178,           0.0097281,            0.005281,            0.005281,            0.005281
                 145,            0.015202,           0.0035243,           0.0022217,             0.96349,             0.95213,             0.95628,             0.88608,            0.012121,           0.0033917,           0.0097475,            0.005248,            0.005248,            0.005248
                 146,            0.014613,           0.0037295,           0.0022457,             0.96416,             0.95213,             0.95313,             0.87114,             0.01257,           0.0032215,           0.0099442,            0.005215,            0.005215,            0.005215
                 147,            0.014932,           0.0036207,           0.0022331,             0.96417,             0.95213,              0.9505,             0.87988,            0.012506,           0.0033251,            0.010137,            0.005182,            0.005182,            0.005182
                 148,            0.014529,           0.0036016,           0.0022038,             0.96454,             0.95559,             0.95291,             0.88139,            0.012342,           0.0032662,           0.0098649,            0.005149,            0.005149,            0.005149
                 149,            0.014903,           0.0036338,           0.0022417,             0.96461,             0.95213,             0.95379,              0.8796,            0.012762,           0.0034562,           0.0098525,            0.005116,            0.005116,            0.005116
                 150,             0.01493,           0.0036121,           0.0022829,             0.96474,             0.95213,             0.95237,             0.87036,            0.013145,           0.0033329,           0.0099451,            0.005083,            0.005083,            0.005083
                 151,            0.014653,           0.0036553,           0.0021958,             0.96482,             0.95213,              0.9538,             0.87846,            0.012147,            0.003418,            0.010091,             0.00505,             0.00505,             0.00505
                 152,            0.015123,           0.0035793,           0.0021652,             0.96478,             0.95213,             0.95293,             0.87796,            0.012195,           0.0034254,            0.010166,            0.005017,            0.005017,            0.005017
                 153,            0.014792,           0.0035351,           0.0023614,             0.96456,             0.95213,             0.95297,             0.87653,            0.012354,           0.0034159,            0.009989,            0.004984,            0.004984,            0.004984
                 154,            0.013915,           0.0035678,           0.0022788,             0.96397,             0.95213,             0.95363,               0.882,            0.011941,           0.0033765,             0.00975,            0.004951,            0.004951,            0.004951
                 155,            0.013889,           0.0034253,            0.002336,             0.96501,             0.95213,             0.95292,             0.87844,            0.012054,           0.0032903,            0.010048,            0.004918,            0.004918,            0.004918
                 156,            0.014409,           0.0034806,           0.0022105,             0.96512,             0.95213,             0.95104,             0.87867,            0.012215,           0.0032763,            0.010209,            0.004885,            0.004885,            0.004885
                 157,            0.014681,           0.0035486,           0.0022684,              0.9643,             0.95213,             0.95244,             0.88429,            0.011689,           0.0032302,            0.010037,            0.004852,            0.004852,            0.004852
                 158,            0.014696,           0.0036434,           0.0021396,              0.9643,             0.95213,             0.95262,             0.87619,            0.012372,           0.0032298,            0.010075,            0.004819,            0.004819,            0.004819
                 159,            0.014132,           0.0035448,            0.002158,             0.96416,             0.95213,             0.95184,             0.88253,            0.012136,           0.0034043,           0.0099814,            0.004786,            0.004786,            0.004786
                 160,            0.014026,           0.0034279,           0.0022548,              0.9641,             0.95213,              0.9524,             0.88088,            0.012408,           0.0035694,            0.010048,            0.004753,            0.004753,            0.004753
                 161,            0.014079,           0.0034274,           0.0022537,             0.96448,             0.95213,             0.95366,             0.88063,            0.012272,            0.003343,            0.010269,             0.00472,             0.00472,             0.00472
                 162,             0.01433,           0.0034694,           0.0022288,             0.96452,             0.95535,             0.95044,             0.88014,            0.012009,           0.0033578,             0.01017,            0.004687,            0.004687,            0.004687
                 163,            0.013987,           0.0035264,           0.0022441,             0.96462,             0.95213,             0.95222,             0.88024,            0.011866,            0.003605,           0.0099094,            0.004654,            0.004654,            0.004654
                 164,            0.014317,           0.0035189,           0.0022099,             0.96533,             0.95373,             0.95436,             0.88187,             0.01216,           0.0033911,           0.0099821,            0.004621,            0.004621,            0.004621
                 165,            0.014302,           0.0035258,           0.0021007,             0.96442,             0.95579,             0.95427,              0.8822,            0.012196,           0.0033665,           0.0099281,            0.004588,            0.004588,            0.004588
                 166,            0.013733,           0.0034974,           0.0023579,             0.96317,             0.95585,             0.95455,             0.87073,            0.012426,           0.0035417,           0.0098243,            0.004555,            0.004555,            0.004555
                 167,            0.014622,           0.0034323,            0.002238,             0.96477,             0.95213,              0.9559,             0.88391,            0.012322,           0.0034251,           0.0099429,            0.004522,            0.004522,            0.004522
                 168,            0.014359,           0.0036898,           0.0023293,             0.96471,             0.95213,             0.95267,              0.8825,            0.012223,           0.0032631,            0.010221,            0.004489,            0.004489,            0.004489
                 169,            0.013973,           0.0036249,           0.0020414,             0.96525,             0.95422,             0.94994,             0.87572,             0.01228,           0.0034472,            0.010253,            0.004456,            0.004456,            0.004456
                 170,            0.013653,           0.0034643,           0.0020034,               0.964,             0.95565,             0.95063,             0.87999,            0.011826,           0.0035888,            0.010089,            0.004423,            0.004423,            0.004423
                 171,            0.013496,           0.0032965,           0.0020695,             0.96405,              0.9557,             0.95416,             0.87919,            0.012108,           0.0034476,           0.0099243,             0.00439,             0.00439,             0.00439
                 172,            0.013755,           0.0032584,           0.0021393,             0.96422,             0.95213,             0.95399,             0.88293,            0.011937,           0.0033007,           0.0099256,            0.004357,            0.004357,            0.004357
                 173,            0.013471,           0.0033266,           0.0022498,             0.96462,             0.95213,             0.95622,             0.88403,            0.012079,           0.0032691,           0.0098732,            0.004324,            0.004324,            0.004324
                 174,            0.013748,           0.0033497,           0.0022792,             0.96366,             0.95563,             0.95513,             0.88115,             0.01213,           0.0034068,            0.009964,            0.004291,            0.004291,            0.004291
                 175,            0.013616,           0.0033621,           0.0021572,              0.9653,             0.95558,             0.95042,             0.87638,            0.012209,           0.0033416,            0.010118,            0.004258,            0.004258,            0.004258
                 176,            0.013373,           0.0034383,            0.002184,             0.96121,             0.95664,             0.95014,             0.87875,              0.0118,           0.0035132,            0.010288,            0.004225,            0.004225,            0.004225
                 177,            0.013759,           0.0034067,           0.0020782,             0.96603,             0.95774,             0.95576,             0.88028,            0.012478,           0.0033561,            0.010235,            0.004192,            0.004192,            0.004192
                 178,            0.013492,           0.0034069,           0.0020699,             0.96342,             0.95584,             0.95628,             0.87724,            0.012091,           0.0033211,            0.010228,            0.004159,            0.004159,            0.004159
                 179,             0.01366,           0.0032252,           0.0021185,             0.96448,             0.95213,             0.95207,             0.87649,            0.012088,           0.0032709,            0.010421,            0.004126,            0.004126,            0.004126
                 180,            0.013301,           0.0033356,           0.0020691,             0.96575,             0.95733,              0.9519,             0.88009,            0.012206,           0.0032647,            0.010068,            0.004093,            0.004093,            0.004093
                 181,            0.012887,           0.0032179,           0.0020656,             0.96532,             0.95917,              0.9512,             0.87681,            0.011983,           0.0032304,           0.0099765,             0.00406,             0.00406,             0.00406
                 182,            0.013092,           0.0032656,           0.0019577,             0.96534,             0.95869,             0.95659,             0.87926,             0.01224,            0.003323,            0.010112,            0.004027,            0.004027,            0.004027
                 183,            0.012905,           0.0032031,            0.001985,             0.96344,             0.95584,             0.95146,             0.87778,            0.012027,            0.003324,            0.010106,            0.003994,            0.003994,            0.003994
                 184,            0.013272,           0.0032389,           0.0021287,             0.96492,             0.95362,             0.95421,             0.88289,            0.011987,           0.0034197,              0.0102,            0.003961,            0.003961,            0.003961
                 185,            0.012914,           0.0031483,           0.0024419,             0.96475,             0.95213,             0.95526,             0.88385,             0.01186,           0.0033739,            0.010134,            0.003928,            0.003928,            0.003928
                 186,            0.013414,           0.0031997,           0.0021962,             0.96464,             0.95213,             0.95032,             0.87772,            0.011827,           0.0033452,            0.010393,            0.003895,            0.003895,            0.003895
                 187,            0.013216,            0.003349,           0.0020412,             0.96468,             0.95213,              0.9477,             0.87205,            0.012161,           0.0032732,            0.010648,            0.003862,            0.003862,            0.003862
                 188,            0.012921,           0.0031124,           0.0021248,             0.96411,             0.95213,             0.95183,             0.88081,            0.012087,           0.0032393,            0.010166,            0.003829,            0.003829,            0.003829
                 189,            0.013122,           0.0031854,           0.0021478,             0.96437,             0.95213,             0.95468,             0.88481,            0.012041,           0.0032488,            0.010383,            0.003796,            0.003796,            0.003796
                 190,            0.013079,           0.0032293,           0.0021665,             0.96419,             0.95213,             0.95497,             0.88046,            0.012316,             0.00323,            0.010372,            0.003763,            0.003763,            0.003763
                 191,            0.012633,           0.0032372,           0.0020725,             0.96456,             0.95213,             0.95628,             0.88552,            0.011876,           0.0032698,            0.010291,             0.00373,             0.00373,             0.00373
                 192,             0.01256,           0.0031378,           0.0021198,             0.96416,             0.95213,             0.95407,             0.88294,            0.012301,           0.0032287,            0.010367,            0.003697,            0.003697,            0.003697
                 193,            0.012927,             0.00317,           0.0022073,             0.96366,             0.95213,             0.95081,             0.88125,            0.012213,           0.0033864,            0.010701,            0.003664,            0.003664,            0.003664
                 194,            0.012821,           0.0032901,           0.0020187,             0.96313,             0.95213,             0.95458,             0.88281,            0.012029,           0.0034378,            0.010705,            0.003631,            0.003631,            0.003631
                 195,            0.012818,           0.0032104,           0.0020364,             0.96369,             0.95213,             0.95636,             0.88638,            0.011872,            0.003262,            0.010682,            0.003598,            0.003598,            0.003598
                 196,            0.012503,           0.0031506,           0.0020298,             0.95606,             0.95973,             0.95696,             0.89212,            0.011881,           0.0032013,            0.010369,            0.003565,            0.003565,            0.003565
                 197,            0.012669,           0.0031741,           0.0020908,             0.96362,             0.95213,             0.95722,             0.88137,            0.011853,           0.0032499,            0.010224,            0.003532,            0.003532,            0.003532
                 198,             0.01266,           0.0031965,           0.0021043,             0.96429,             0.95213,             0.95881,             0.88462,             0.01178,           0.0031318,            0.010378,            0.003499,            0.003499,            0.003499
                 199,            0.012579,           0.0031277,           0.0020217,             0.95636,             0.95957,             0.95491,             0.88191,            0.011855,           0.0032628,            0.010558,            0.003466,            0.003466,            0.003466
                 200,            0.012519,           0.0032052,           0.0019903,             0.95635,             0.95989,             0.95626,             0.88333,            0.011723,           0.0032259,            0.010423,            0.003433,            0.003433,            0.003433
                 201,            0.012634,           0.0031598,           0.0020841,             0.96445,             0.95213,             0.95471,             0.87931,            0.011756,           0.0031394,            0.010358,              0.0034,              0.0034,              0.0034
                 202,            0.012468,           0.0031018,           0.0020637,             0.96435,             0.95213,             0.95759,             0.88457,            0.011827,           0.0031645,            0.010344,            0.003367,            0.003367,            0.003367
                 203,            0.012127,            0.003052,           0.0020587,             0.96453,             0.95213,             0.95727,              0.8853,            0.011898,           0.0031364,             0.01046,            0.003334,            0.003334,            0.003334
                 204,            0.012146,           0.0032029,           0.0019386,             0.96448,             0.95213,             0.95423,             0.88133,            0.011815,           0.0032172,            0.010353,            0.003301,            0.003301,            0.003301
                 205,            0.012249,           0.0031744,           0.0020373,             0.96448,             0.95213,             0.95499,             0.87782,            0.011923,           0.0032029,            0.010379,            0.003268,            0.003268,            0.003268
                 206,            0.012642,           0.0030745,            0.002189,             0.96461,             0.95213,             0.95709,             0.88726,            0.011779,           0.0032277,            0.010333,            0.003235,            0.003235,            0.003235
                 207,            0.012029,           0.0031032,           0.0019523,             0.96497,             0.95213,              0.9528,             0.88103,            0.011834,           0.0034428,            0.010482,            0.003202,            0.003202,            0.003202
                 208,            0.012113,           0.0030493,           0.0021945,             0.96471,             0.95213,             0.95162,             0.88303,             0.01173,           0.0032824,            0.010502,            0.003169,            0.003169,            0.003169
                 209,            0.012474,           0.0030589,           0.0022943,             0.96435,             0.95213,             0.94916,             0.87647,             0.01178,           0.0032388,            0.010544,            0.003136,            0.003136,            0.003136
                 210,            0.011928,            0.003096,           0.0021628,             0.96445,             0.95213,             0.95212,             0.87887,            0.011824,           0.0031932,             0.01069,            0.003103,            0.003103,            0.003103
                 211,            0.011944,           0.0030415,           0.0019892,             0.96431,             0.95213,             0.95491,             0.88536,            0.011953,           0.0031354,            0.010808,             0.00307,             0.00307,             0.00307
                 212,            0.012064,           0.0031408,           0.0020302,             0.96444,             0.95213,             0.95456,             0.88396,            0.011953,           0.0034224,            0.010773,            0.003037,            0.003037,            0.003037
                 213,             0.01181,           0.0029619,           0.0021675,              0.9644,             0.95213,             0.95722,             0.88754,            0.011961,           0.0033278,             0.01059,            0.003004,            0.003004,            0.003004
                 214,            0.011954,           0.0030951,           0.0019766,             0.96482,             0.95213,             0.95541,             0.88291,            0.011645,           0.0034168,            0.010634,            0.002971,            0.002971,            0.002971
                 215,            0.011989,           0.0030293,           0.0020425,             0.96537,              0.9528,              0.9573,             0.87893,            0.011822,            0.003247,              0.0107,            0.002938,            0.002938,            0.002938
                 216,             0.01196,           0.0029576,           0.0020996,             0.96532,             0.95291,             0.95774,             0.88167,            0.011725,           0.0033095,            0.010636,            0.002905,            0.002905,            0.002905
                 217,            0.011877,           0.0031036,           0.0019483,             0.96531,              0.9585,             0.95402,             0.87735,             0.01183,           0.0033451,             0.01054,            0.002872,            0.002872,            0.002872
                 218,            0.011916,           0.0029259,           0.0020907,             0.96529,             0.95855,             0.95432,             0.88323,            0.011967,           0.0033693,            0.010662,            0.002839,            0.002839,            0.002839
                 219,             0.01201,           0.0029549,           0.0020934,             0.96511,             0.95937,             0.95827,              0.8816,            0.012089,           0.0033491,            0.010616,            0.002806,            0.002806,            0.002806
                 220,            0.011552,           0.0029311,           0.0020046,             0.96478,             0.95959,             0.95825,             0.88424,            0.011769,           0.0033423,            0.010764,            0.002773,            0.002773,            0.002773
                 221,            0.011683,           0.0030282,           0.0019795,             0.96522,             0.95888,             0.95792,             0.89299,            0.011558,           0.0032454,            0.010811,             0.00274,             0.00274,             0.00274
                 222,            0.011665,           0.0030239,           0.0020262,             0.96517,             0.95956,             0.95618,             0.88692,            0.011606,             0.00323,            0.010685,            0.002707,            0.002707,            0.002707
                 223,            0.011543,           0.0029713,           0.0019673,             0.96495,             0.95942,             0.95243,              0.8807,              0.0116,           0.0033158,            0.010903,            0.002674,            0.002674,            0.002674
                 224,              0.0113,           0.0029038,           0.0018655,             0.96529,             0.95791,             0.95214,             0.87866,            0.011697,           0.0034086,            0.010957,            0.002641,            0.002641,            0.002641
                 225,            0.011617,           0.0030135,           0.0019822,             0.96539,             0.95778,             0.95642,             0.88886,            0.011518,           0.0033363,            0.010778,            0.002608,            0.002608,            0.002608
                 226,            0.011428,           0.0028596,            0.002017,             0.96528,              0.9591,             0.95826,              0.8888,            0.011585,           0.0032668,            0.010635,            0.002575,            0.002575,            0.002575
                 227,            0.011504,           0.0028955,           0.0020615,             0.96352,             0.95585,             0.95392,             0.88168,            0.011811,           0.0031977,             0.01072,            0.002542,            0.002542,            0.002542
                 228,            0.011359,           0.0028142,           0.0019968,             0.96347,             0.95583,             0.95503,             0.88086,            0.011781,           0.0032503,            0.010812,            0.002509,            0.002509,            0.002509
                 229,             0.01147,           0.0028692,           0.0020902,             0.96531,             0.95362,              0.9519,             0.87378,            0.011927,           0.0032572,            0.010815,            0.002476,            0.002476,            0.002476
                 230,            0.011041,           0.0028172,           0.0018646,              0.9649,             0.95213,             0.95129,             0.88019,            0.011811,            0.003269,            0.010808,            0.002443,            0.002443,            0.002443
                 231,            0.011167,           0.0029246,           0.0020099,             0.96482,             0.95213,             0.95108,             0.87792,            0.011891,            0.003308,            0.010876,             0.00241,             0.00241,             0.00241
                 232,            0.011112,           0.0028408,           0.0018695,             0.96486,             0.95213,             0.95102,             0.87709,            0.011829,           0.0032187,            0.010864,            0.002377,            0.002377,            0.002377
                 233,            0.011065,           0.0028897,           0.0019481,             0.96499,             0.95213,             0.95337,             0.88797,            0.011761,           0.0032306,            0.010937,            0.002344,            0.002344,            0.002344
                 234,            0.011076,           0.0029711,           0.0019092,             0.96502,             0.95213,             0.95398,             0.88685,             0.01193,           0.0031551,            0.011116,            0.002311,            0.002311,            0.002311
                 235,            0.011025,           0.0029666,           0.0018266,             0.96118,             0.95953,             0.95452,             0.87904,            0.011832,           0.0031808,            0.011303,            0.002278,            0.002278,            0.002278
                 236,            0.011265,           0.0028568,           0.0019954,             0.96089,             0.95919,             0.95361,             0.87996,            0.011809,           0.0033607,            0.011339,            0.002245,            0.002245,            0.002245
                 237,            0.010901,           0.0027864,           0.0019435,             0.96069,             0.95972,             0.95481,             0.88171,            0.011683,           0.0033478,            0.011158,            0.002212,            0.002212,            0.002212
                 238,            0.010978,           0.0027954,           0.0019965,             0.96118,             0.95982,             0.95207,              0.8859,            0.011658,           0.0032476,            0.011073,            0.002179,            0.002179,            0.002179
                 239,            0.011061,           0.0027863,           0.0020125,             0.96154,             0.95945,             0.95362,             0.88093,            0.011596,            0.003171,            0.011056,            0.002146,            0.002146,            0.002146
                 240,            0.010555,           0.0027972,           0.0018912,             0.96188,             0.95735,             0.95371,               0.883,            0.011725,           0.0032615,            0.011063,            0.002113,            0.002113,            0.002113
                 241,            0.010898,            0.002796,           0.0019707,              0.9646,             0.95213,             0.95228,             0.88016,             0.01173,           0.0031798,            0.011016,             0.00208,             0.00208,             0.00208
                 242,            0.010782,           0.0028407,           0.0019257,             0.96468,             0.95213,             0.94842,             0.87975,            0.011771,           0.0031988,            0.011092,            0.002047,            0.002047,            0.002047
                 243,            0.011172,           0.0027449,           0.0020306,             0.96472,             0.95213,              0.9522,             0.87706,            0.011729,           0.0032794,            0.011012,            0.002014,            0.002014,            0.002014
                 244,            0.010815,           0.0027433,           0.0019823,             0.96479,             0.95213,             0.95163,             0.88712,            0.011687,           0.0031315,            0.011021,            0.001981,            0.001981,            0.001981
                 245,            0.010447,           0.0028201,           0.0018871,             0.96257,             0.95596,             0.95135,             0.88094,            0.011705,           0.0031908,             0.01123,            0.001948,            0.001948,            0.001948
                 246,            0.010919,           0.0027755,           0.0019778,             0.96562,             0.95286,             0.95181,             0.88216,            0.011783,           0.0031657,            0.011286,            0.001915,            0.001915,            0.001915
                 247,             0.01062,           0.0027627,           0.0018703,             0.96491,             0.95213,             0.95257,             0.88399,            0.011744,           0.0032253,            0.011286,            0.001882,            0.001882,            0.001882
                 248,            0.010566,           0.0026431,           0.0019662,             0.96472,             0.95213,             0.94987,             0.87734,            0.011761,           0.0031871,            0.011464,            0.001849,            0.001849,            0.001849
                 249,            0.010394,           0.0027367,           0.0019893,             0.96468,             0.95213,             0.94908,             0.87828,            0.011634,           0.0031854,            0.011542,            0.001816,            0.001816,            0.001816
                 250,            0.010448,           0.0026454,           0.0018254,             0.96329,             0.95586,             0.94955,             0.88193,            0.011484,           0.0031567,            0.011423,            0.001783,            0.001783,            0.001783
                 251,             0.01089,            0.002712,           0.0020214,             0.96322,             0.95592,             0.94997,             0.87782,            0.011679,           0.0031424,            0.011463,             0.00175,             0.00175,             0.00175
                 252,            0.010537,           0.0026938,           0.0019207,             0.96292,             0.95594,             0.94964,              0.8789,            0.011601,           0.0031327,            0.011487,            0.001717,            0.001717,            0.001717
                 253,            0.010498,           0.0025279,            0.001866,             0.96353,              0.9559,             0.94987,             0.87879,            0.011647,           0.0032472,            0.011394,            0.001684,            0.001684,            0.001684
                 254,            0.010275,           0.0026731,           0.0018982,             0.96365,             0.95584,             0.95113,             0.88439,            0.011591,           0.0031801,            0.011337,            0.001651,            0.001651,            0.001651
                 255,            0.010302,           0.0026564,           0.0018471,             0.96457,             0.95213,             0.95298,             0.88561,            0.011388,           0.0032144,            0.011442,            0.001618,            0.001618,            0.001618
                 256,            0.010188,            0.002567,           0.0018418,             0.96473,             0.95213,             0.95158,             0.88182,            0.011485,           0.0033336,              0.0116,            0.001585,            0.001585,            0.001585
                 257,            0.010401,           0.0025201,           0.0018814,             0.96306,             0.95591,             0.95105,             0.88159,            0.011448,           0.0032253,            0.011644,            0.001552,            0.001552,            0.001552
                 258,            0.010545,           0.0026394,           0.0019501,             0.96296,             0.95592,             0.95162,             0.87947,            0.011499,            0.003217,            0.011627,            0.001519,            0.001519,            0.001519
                 259,            0.010169,           0.0026249,           0.0017702,             0.96549,              0.9534,             0.95529,             0.88758,            0.011347,           0.0031867,            0.011616,            0.001486,            0.001486,            0.001486
                 260,            0.010257,           0.0026693,           0.0019335,             0.96542,             0.95325,               0.954,              0.8838,            0.011436,           0.0031511,            0.011624,            0.001453,            0.001453,            0.001453
                 261,            0.010197,           0.0026957,            0.001935,             0.96134,             0.95969,             0.95207,             0.88225,            0.011572,            0.003229,            0.011669,             0.00142,             0.00142,             0.00142
                 262,            0.010055,           0.0025725,           0.0017891,             0.96536,             0.95347,             0.95327,             0.88503,            0.011557,           0.0031446,            0.011626,            0.001387,            0.001387,            0.001387
                 263,           0.0099469,           0.0026273,           0.0017406,             0.96318,             0.95588,             0.95362,             0.88305,            0.011555,           0.0031791,            0.011592,            0.001354,            0.001354,            0.001354
                 264,            0.010115,           0.0027197,           0.0018271,             0.96376,             0.95583,             0.95132,             0.88421,            0.011423,           0.0031676,            0.011597,            0.001321,            0.001321,            0.001321
                 265,           0.0099035,           0.0025577,           0.0018648,             0.96428,             0.95579,             0.95449,             0.88932,            0.011447,           0.0031927,            0.011641,            0.001288,            0.001288,            0.001288
                 266,            0.010056,           0.0025621,           0.0019369,             0.96422,             0.95579,              0.9527,             0.88574,            0.011398,           0.0031902,            0.011734,            0.001255,            0.001255,            0.001255
                 267,           0.0097659,           0.0026063,           0.0017969,             0.96388,             0.95585,             0.95363,             0.88692,            0.011391,            0.003192,            0.011753,            0.001222,            0.001222,            0.001222
                 268,             0.01003,           0.0026062,           0.0018694,             0.96367,             0.95588,             0.95379,             0.88719,            0.011345,           0.0031773,            0.011764,            0.001189,            0.001189,            0.001189
                 269,           0.0097974,           0.0026407,           0.0019351,             0.96343,             0.95591,             0.95426,             0.88861,            0.011488,           0.0032659,            0.011804,            0.001156,            0.001156,            0.001156
                 270,           0.0097739,           0.0024921,           0.0017682,             0.96342,             0.95589,             0.95529,             0.88838,              0.0114,           0.0032352,            0.011765,            0.001123,            0.001123,            0.001123
                 271,            0.009868,           0.0025939,           0.0018471,             0.96356,             0.95588,             0.95466,              0.8895,             0.01131,            0.003248,            0.011737,             0.00109,             0.00109,             0.00109
                 272,            0.010125,           0.0026113,           0.0019269,             0.96538,             0.95778,              0.9545,             0.88383,            0.011408,           0.0032354,            0.011715,            0.001057,            0.001057,            0.001057
                 273,            0.010195,           0.0026565,            0.001953,             0.96452,              0.9558,              0.9542,             0.88526,            0.011411,           0.0033115,            0.011723,            0.001024,            0.001024,            0.001024
                 274,           0.0099308,           0.0025998,           0.0018273,             0.96473,             0.95573,             0.95402,             0.88472,            0.011395,           0.0032887,            0.011809,            0.000991,            0.000991,            0.000991
                 275,           0.0096285,           0.0025474,           0.0017181,             0.96495,             0.95569,             0.95265,             0.88219,            0.011329,           0.0031478,            0.011856,            0.000958,            0.000958,            0.000958
                 276,           0.0097444,           0.0025133,           0.0019085,              0.9648,              0.9557,             0.95417,             0.88616,             0.01143,           0.0031695,            0.011882,            0.000925,            0.000925,            0.000925
                 277,           0.0097908,           0.0025725,           0.0017949,             0.96425,              0.9558,             0.95403,             0.89127,             0.01135,             0.00327,             0.01196,            0.000892,            0.000892,            0.000892
                 278,           0.0095965,           0.0024818,           0.0017787,              0.9641,             0.95582,             0.95198,             0.88831,            0.011415,           0.0032312,            0.012024,            0.000859,            0.000859,            0.000859
                 279,           0.0096362,           0.0024619,           0.0017927,             0.96407,             0.95587,             0.95044,             0.88307,            0.011433,           0.0032124,            0.012064,            0.000826,            0.000826,            0.000826
                 280,           0.0097738,           0.0024945,           0.0018178,             0.96383,              0.9559,             0.95072,             0.88209,            0.011429,           0.0032401,              0.0121,            0.000793,            0.000793,            0.000793
                 281,           0.0096201,           0.0023944,           0.0018208,             0.96376,              0.9559,             0.95262,             0.88505,            0.011388,           0.0032775,            0.012132,             0.00076,             0.00076,             0.00076
                 282,           0.0095419,           0.0024667,           0.0018457,             0.96363,             0.95591,             0.95451,             0.88742,            0.011308,           0.0032278,            0.012198,            0.000727,            0.000727,            0.000727
                 283,           0.0095419,           0.0023828,           0.0017908,             0.96365,             0.95592,             0.95532,             0.88611,            0.011348,           0.0031987,            0.012257,            0.000694,            0.000694,            0.000694
                 284,           0.0095526,           0.0024635,           0.0018685,             0.96343,             0.95593,             0.95481,             0.88719,            0.011379,           0.0032655,            0.012312,            0.000661,            0.000661,            0.000661
                 285,           0.0093993,           0.0024232,            0.001689,             0.96299,             0.95595,             0.95363,             0.88781,            0.011392,           0.0033063,            0.012338,            0.000628,            0.000628,            0.000628
                 286,           0.0096435,           0.0025189,           0.0018599,             0.96264,             0.95596,             0.95362,             0.88669,            0.011374,           0.0033185,            0.012354,            0.000595,            0.000595,            0.000595
                 287,           0.0097605,           0.0024178,           0.0017953,             0.96569,             0.95303,              0.9531,             0.88525,            0.011354,           0.0032633,            0.012384,            0.000562,            0.000562,            0.000562
                 288,           0.0098349,           0.0025683,            0.001901,             0.96566,             0.95309,             0.95265,             0.88664,            0.011354,           0.0032382,            0.012428,            0.000529,            0.000529,            0.000529
                 289,           0.0094133,           0.0023499,           0.0018315,             0.96276,             0.95598,             0.95195,             0.88238,            0.011329,           0.0032357,            0.012438,            0.000496,            0.000496,            0.000496
                 290,           0.0093095,            0.002455,           0.0017072,             0.96286,             0.95596,             0.95279,             0.88611,            0.011291,           0.0032206,            0.012447,            0.000463,            0.000463,            0.000463
                 291,           0.0096633,           0.0024702,           0.0019535,             0.96286,             0.95596,             0.95382,             0.88632,            0.011265,            0.003166,            0.012477,             0.00043,             0.00043,             0.00043
                 292,           0.0091668,            0.002326,           0.0016591,             0.96287,             0.95596,             0.95401,             0.88681,            0.011351,           0.0031815,            0.012505,            0.000397,            0.000397,            0.000397
                 293,           0.0097276,           0.0023805,           0.0019045,             0.96272,             0.95597,             0.95328,             0.88816,            0.011344,           0.0032254,            0.012539,            0.000364,            0.000364,            0.000364
                 294,           0.0091026,           0.0024674,           0.0017645,             0.96467,             0.95928,             0.95213,             0.88499,            0.011354,           0.0032453,            0.012585,            0.000331,            0.000331,            0.000331
                 295,           0.0093133,           0.0025295,           0.0017926,             0.96456,             0.95931,             0.95228,             0.88443,            0.011412,           0.0031971,            0.012642,            0.000298,            0.000298,            0.000298
                 296,           0.0089681,           0.0024128,           0.0016439,             0.96564,               0.953,             0.95142,             0.88426,            0.011344,           0.0031659,            0.012677,            0.000265,            0.000265,            0.000265
                 297,           0.0093545,           0.0024071,           0.0018627,             0.96566,               0.953,             0.95204,             0.88605,            0.011308,            0.003198,             0.01271,            0.000232,            0.000232,            0.000232
                 298,           0.0092303,           0.0024585,           0.0017353,              0.9657,             0.95302,             0.95268,             0.88534,            0.011345,           0.0032427,            0.012721,            0.000199,            0.000199,            0.000199
                 299,           0.0093154,           0.0023906,           0.0017478,             0.96575,             0.95299,             0.95265,              0.8871,              0.0113,           0.0032526,            0.012734,            0.000166,            0.000166,            0.000166
